bust,waist,hips,height,body_type
90.7889512103874,80.7889512103874,102.97683783215058,179.64426808351976,груша
98.09497572749281,83.09497572749281,95.90038198335132,172.83916056220048,песочные часы
86.78373356568567,90.72033955143604,79.09272655250034,171.60696211856697,яблоко
98.00844783646134,83.00844783646134,97.61697064545247,159.85458899373927,песочные часы
94.82693872357486,96.00628243855337,85.16414821580238,154.39344970303617,яблоко
93.94486623536801,91.76496195281403,91.82099337597474,153.96209656166968,прямоугольник
90.00619621118122,85.04872304419136,91.04323272796567,155.86526791560996,прямоугольник
104.83351232805043,82.29823128424646,92.29823128424646,169.32228014841448,перевёрнутый треугольник
89.77400675758672,87.77233958953066,87.3621659453647,162.2404017911224,прямоугольник
85.67979002816469,81.2457208883394,87.69165587040962,150.3577462634702,прямоугольник
93.02851719557482,78.02851719557482,94.52734163895212,151.17013618302724,песочные часы
96.62525437262336,98.08517309725914,89.28524932340974,150.40527416344563,яблоко
109.90123967031948,86.73699003011637,96.73699003011637,159.49360014520394,перевёрнутый треугольник
80.89671631962621,70.89671631962621,95.17791736187665,154.08576805676415,груша
95.60234155355018,72.9124324434703,82.9124324434703,171.72238862417487,перевёрнутый треугольник
109.08610662016008,86.08584661207026,96.08584661207026,166.97017365563613,перевёрнутый треугольник
105.35974199432347,80.67547728893187,90.67547728893187,162.18763277362996,перевёрнутый треугольник
86.15669064345742,71.15669064345742,83.83968825795714,163.57764301183866,песочные часы
94.07245446486031,91.52685888479346,89.01186948615678,161.01628374715267,яблоко
96.80014727747535,75.8253003298058,85.8253003298058,170.50243879344723,перевёрнутый треугольник
93.5232881743497,98.43077771143771,87.76112202468008,158.0233557902826,яблоко
89.71145312151054,92.34123086178228,80.07402762960928,150.12820285165952,яблоко
106.13043756735256,83.5519141721139,93.5519141721139,172.41117895165956,перевёрнутый треугольник
109.01114426327193,88.5580911619358,98.5580911619358,176.1791013486586,перевёрнутый треугольник
98.81925230175273,77.77505546154569,87.77505546154569,174.03540294979967,перевёрнутый треугольник
83.6341430176734,73.6341430176734,99.62836028139745,157.2996588275557,груша
85.54132596550227,75.54132596550227,105.33722759761972,175.89855830605322,груша
93.69351931295186,78.69351931295186,94.74061134727697,153.51793228037423,песочные часы
104.49658044422328,82.55206764506049,92.55206764506049,172.49747746929427,перевёрнутый треугольник
108.8576917015908,87.99623185189074,97.99623185189074,177.27280259073686,перевёрнутый треугольник
90.22291382911305,75.22291382911305,93.10338985765141,156.0654863291153,песочные часы
99.63727470140482,79.54652079378957,89.54652079378957,173.16757740727587,перевёрнутый треугольник
103.99611961801803,81.26405342285948,91.26405342285948,150.13349112013265,перевёрнутый треугольник
92.60249862597097,77.60249862597097,89.60805197606994,156.64928415214723,песочные часы
92.48580061585983,82.48580061585983,107.65479704667169,175.31419500683492,груша
86.83545178659763,71.83545178659763,87.16758941554282,163.033410731627,песочные часы
86.5140772560969,71.5140772560969,83.80482712304227,173.57038881315577,песочные часы
108.97837578512066,85.7423262697916,95.7423262697916,172.39644323344055,перевёрнутый треугольник
90.6400143112862,75.6400143112862,88.99926361828354,168.61746748847565,песочные часы
96.34945043163684,96.4643067698067,90.15317335728457,155.84697933475795,яблоко
97.79022440210255,82.79022440210255,96.41004119638056,160.4993975355867,песочные часы
91.37474525595356,76.37474525595356,91.435050125929,151.8807784466002,песочные часы
101.04324668083495,79.98347418214968,89.98347418214968,168.15211604744147,перевёрнутый треугольник
85.87863812614097,83.71210508192203,87.18486952123817,163.92361940307853,прямоугольник
97.78484807322931,76.98342712482628,86.98342712482628,176.80841641176772,перевёрнутый треугольник
86.99811771558653,76.99811771558653,103.86790569165377,164.49210947257464,груша
98.66856703848171,88.66856703848171,109.86704291267544,177.9832102605386,груша
95.75978556195942,97.28279209742827,86.78969418004716,161.41520740437227,яблоко
90.29367422923691,87.98893607528132,88.47762978358868,163.5208988801403,прямоугольник
106.20832627886729,82.53735258909337,92.53735258909337,171.136656791471,перевёрнутый треугольник
87.78248972786871,77.78248972786871,101.3051243221717,165.07150436164616,груша
94.86366482406045,90.94981385285196,92.05074849601748,153.81484566080778,прямоугольник
91.48413229793805,87.79334489471405,93.46565063486918,167.5571919121991,прямоугольник
93.42082845244133,90.1187519850633,92.31807715814234,179.03457946520174,прямоугольник
99.64517924163283,84.64517924163283,97.7724736352961,171.09552228895336,песочные часы
97.76768767748163,82.76768767748163,96.03743444109608,161.14429011433933,песочные часы
91.18130086012074,76.18130086012074,93.35369279441717,173.25772879268746,песочные часы
90.93289125616447,87.75360235770007,91.5463524427183,167.26150143958003,прямоугольник
108.40691821321835,85.60726978979424,95.60726978979424,174.54562622116555,перевёрнутый треугольник
92.48666576829295,77.48666576829295,90.54008488970408,157.43755017316772,песочные часы
80.99539885591473,77.1777697876013,80.22988148221856,175.8302061949608,прямоугольник
92.25023396781063,91.93675106370866,82.31960272862165,173.94666632940854,яблоко
94.81596586142568,92.56678734791511,88.99445588195964,164.84387446155864,яблоко
98.75315283955199,96.57774712524328,91.23176569937917,167.61889196775127,яблоко
101.48296518844369,76.73289391009753,86.73289391009753,157.3800427710283,перевёрнутый треугольник
92.0415360048498,90.28312331770634,85.00577684775985,162.379763333413,яблоко
92.10496355497226,91.46244376184053,86.29288472548946,176.81836147881003,яблоко
100.41135549682778,97.12810184463254,94.7793525897828,175.34635157421332,яблоко
85.71443549251066,75.71443549251066,103.55628714314979,153.34309766078988,груша
107.424662302102,83.40846592376174,93.40846592376174,150.06627356215228,перевёрнутый треугольник
83.98600753582971,73.98600753582971,98.9192268126068,157.66576711403357,груша
101.95847693415249,77.25564188601567,87.25564188601567,172.31690208616902,перевёрнутый треугольник
79.95009973132667,69.95009973132667,97.1376349958446,162.96960511032185,груша
83.93489749047237,81.21258685904532,86.7084855690378,176.92946176658302,прямоугольник
89.6839584511229,74.6839584511229,92.56761033846571,174.25240669206678,песочные часы
96.82954180029726,86.82954180029726,107.97313622757574,163.18237349617544,груша
106.90704234119242,82.65756791757848,92.65756791757848,165.11161040482165,перевёрнутый треугольник
101.60665400603992,80.08694933829372,90.08694933829372,160.53433986627843,перевёрнутый треугольник
88.54727552196698,73.54727552196698,88.04465452567673,175.88939266632437,песочные часы
88.49517090611813,86.3853675768153,90.65397348155193,161.57801970815285,прямоугольник
93.62789340332925,93.36062452743703,87.33042266310078,174.0037543100681,яблоко
91.53129644885485,86.93714132999314,91.44239641695886,177.30398264629576,прямоугольник
88.13314861332293,78.13314861332293,105.05808368417549,178.4543733771669,груша
101.16926227765553,78.32920503306185,88.32920503306185,156.50561564532407,перевёрнутый треугольник
86.1527675058402,71.1527675058402,83.55668109562308,158.21604766070163,песочные часы
95.68377721422574,97.20750145035913,86.47189070259128,158.8018277300006,яблоко
88.06750310599647,84.22720323620689,90.45277072835492,154.82840091308609,прямоугольник
97.32118337693684,82.32118337693684,96.40369558901907,173.78386445279446,песочные часы
82.96243417425988,72.96243417425988,95.01846224446632,157.01565980489107,груша
91.36932290490482,81.36932290490482,108.34803176010016,169.58992155337447,груша
84.1312767063258,79.91735740346346,82.23184986946322,176.6932596574979,прямоугольник
93.87045086012178,91.45176007753754,90.94120682537674,167.80663461606306,прямоугольник
86.61610398019216,71.61610398019216,86.1370918223277,174.86545074657457,песочные часы
92.01699282970795,77.01699282970795,92.66702616636451,176.13549378834435,песочные часы
82.8180103242427,79.34385269829724,82.10829918429808,150.62379279267773,прямоугольник
92.34640425333583,89.68977522752135,92.67664381420762,177.99609081797655,прямоугольник
104.09446961599113,79.20900053406604,89.20900053406604,155.739425365237,перевёрнутый треугольник
87.6904727322518,72.6904727322518,86.98530182048033,166.9780273599815,песочные часы
82.64791797508767,79.57592053162197,84.81039858121147,168.96328300883218,прямоугольник
88.22034822457906,78.22034822457906,106.05498201568926,151.93697819914246,груша
95.64736809070129,95.17979911882156,85.91609884248857,159.34852446245026,яблоко
82.08397109655408,79.14112100140545,84.265289943254,151.250262184843,прямоугольник
88.25463900018991,73.25463900018991,86.675208136515,163.37874397245585,песочные часы
86.58456117000011,76.58456117000011,97.7473801064791,169.50782102541558,груша
109.90427963735313,88.253689805754,98.253689805754,159.2682149394953,перевёрнутый треугольник
85.77504885192921,70.77504885192921,85.13547500958735,155.69919495913194,песочные часы
87.90581222664004,84.70204356695866,90.7317050422353,178.84998813563033,прямоугольник
99.18637023929068,99.74557046996107,90.51099597577992,177.9352720990937,яблоко
86.4743339142049,81.81300384120337,84.53961905724992,162.26042342920246,прямоугольник
100.06019256979573,97.27370788611542,92.79170589276691,175.98098311707994,яблоко
98.3475481442909,94.08911281178406,89.43077314618844,153.7783010399689,яблоко
98.75323445479245,99.41219329215654,93.37528177231958,166.34996465944062,яблоко
85.4887065728567,75.4887065728567,99.65214233847952,179.08655082089737,груша
98.13580321486496,97.99378205356193,91.36407874248636,150.22625730918847,яблоко
89.5724669991157,85.99695480144057,90.98150215907853,157.54329906136465,прямоугольник
98.25275722752009,88.25275722752009,108.97885540860614,161.82149898491232,груша
86.90496901687958,71.90496901687958,88.07573816967141,179.8990501420468,песочные часы
98.22752427748198,97.326916027746,92.79618530973198,173.2951853215968,яблоко
101.1530930398539,99.98277145668209,94.14656268614324,178.6233299720276,яблоко
96.4430990605931,81.4430990605931,97.93161205241321,167.03013531254356,песочные часы
84.3517084987735,82.12820216333009,84.91362283294893,150.85293190777014,прямоугольник
99.04588218232543,84.04588218232543,96.58617576853963,168.86396960225102,песочные часы
98.95130010569132,83.95130010569132,99.80708110840877,168.57154283592814,песочные часы
98.1359165098459,99.87676868795384,92.88449945063263,173.86921691232737,яблоко
90.20409573315928,80.20409573315928,108.4454184939663,153.94018814523105,груша
89.90365318102774,79.90365318102774,100.04150803067493,171.6932957620286,груша
104.82085293480985,83.33548363758042,93.33548363758042,165.88386212074806,перевёрнутый треугольник
89.30036802338603,90.06088443778198,80.56767239192568,150.9766805215969,яблоко
86.4442712468757,83.24467627672831,86.24470740854483,169.86380786463366,прямоугольник
88.25792732710273,78.25792732710273,100.06227299350866,151.45224518529835,груша
107.70833786333549,84.25107782524064,94.25107782524064,169.14483366863004,перевёрнутый треугольник
82.13992217127361,72.13992217127361,101.71676791226291,150.3623702326282,груша
107.87033897099971,85.2426238035137,95.2426238035137,164.13779864346583,перевёрнутый треугольник
94.77865573763815,94.75246267660887,86.38566879272676,156.70848371226006,яблоко
89.94028183717248,79.94028183717248,109.9158185656944,173.5055749197623,груша
99.06746785770255,75.17588328926226,85.17588328926226,155.5081576810253,перевёрнутый треугольник
80.13507384949988,75.21740894469863,81.25694460282782,168.79184366740168,прямоугольник
85.06708157791972,70.06708157791972,83.68715204216237,159.05224889395802,песочные часы
83.81777733111115,79.96592350734731,83.51721264938722,171.00945534613535,прямоугольник
82.52706963512958,72.52706963512958,100.31033844990009,155.29476408689516,груша
99.72719418799201,75.78153544886635,85.78153544886635,150.60083909865156,перевёрнутый треугольник
98.9180009031408,98.74765294797363,89.28203559168314,161.56721814119265,яблоко
85.74486625426952,83.27679821251473,83.17697991610262,166.9403280369095,прямоугольник
90.74404650683516,86.52954442500463,93.6542178567317,158.2224889740349,прямоугольник
94.16294857572669,84.16294857572669,108.40138556545435,151.27255645991937,груша
96.9732741490493,96.33656602356747,90.19401687671402,156.97751230543514,яблоко
103.33210633243303,79.24111542383827,89.24111542383827,173.7221916003898,перевёрнутый треугольник
97.95033053900181,82.95033053900181,99.14067876848621,159.05327612321062,песочные часы
83.08692734648501,78.22807456403876,80.33267815425488,159.10116537775335,прямоугольник
85.84785080085993,82.53451383042794,84.66084801774906,168.68701016775873,прямоугольник
108.31240673369012,85.29283651900269,95.29283651900269,176.19304153918122,перевёрнутый треугольник
96.24546976731521,91.61648820779119,90.9684107377245,163.84066587749376,яблоко
92.5174130232576,82.5174130232576,107.6471668999324,164.97146385933573,груша
95.58590333935796,97.03780655171671,87.84997721702673,173.12741368413123,яблоко
106.89996049455826,84.69012767396607,94.69012767396607,161.67084852193958,перевёрнутый треугольник
92.93093814408326,93.9784968796896,85.51181095710581,150.56249203975761,яблоко
86.32884500479159,76.32884500479159,97.93504787898225,166.1579739145854,груша
88.28299189508728,83.88572459343993,90.95738278669515,157.37132888106674,прямоугольник
90.30550985572454,75.30550985572454,92.75320836648669,165.3916830899953,песочные часы
88.48533339667121,78.48533339667121,101.69782213546698,178.67805289853902,груша
82.64016929560327,72.64016929560327,97.97496386710871,170.57330978882308,груша
97.80698659317098,99.86130062869547,90.22853382678925,179.55451518639617,яблоко
89.12346540883638,74.12346540883638,89.06171690909929,154.03420011177602,песочные часы
78.31552836953716,68.31552836953716,97.81112032346913,168.64597522160923,груша
107.16751696194584,83.44052391932478,93.44052391932478,155.95568902015367,перевёрнутый треугольник
84.67244984835328,74.67244984835328,96.62296749989731,167.99258285746632,груша
91.32992420285765,76.32992420285765,91.0707396614522,175.35098283012334,песочные часы
96.32294526786599,95.7775801909833,86.69198378123863,176.16648947100407,яблоко
83.93116651170595,81.84920337398466,81.63316157588275,172.47226797302585,прямоугольник
87.17555277554598,77.17555277554598,99.24638405625777,150.93957284190188,груша
97.91613898879297,72.9740932856188,82.9740932856188,159.01877010067784,перевёрнутый треугольник
81.35149189058349,77.73145498411567,80.51107619324195,165.84522244560526,прямоугольник
90.61280223083202,80.61280223083202,105.61910422356567,152.0765201767366,груша
98.70218592855429,76.94303628150443,86.94303628150443,174.1116556657615,перевёрнутый треугольник
91.3748594889883,88.18986959446448,89.01064107960761,171.03954469166666,прямоугольник
91.64718351551808,93.52125243365202,84.05366304534023,160.24739815563132,яблоко
83.91841648727959,81.75777858996878,84.68856278548658,160.9077821995985,прямоугольник
81.96711741532158,71.96711741532158,98.8732064778757,155.69285021359963,груша
105.67719956745921,81.98018544411217,91.98018544411217,178.60062387527583,перевёрнутый треугольник
102.86980525856117,99.87304821950514,97.57897679619022,171.01954142098634,яблоко
96.8178802735419,81.8178802735419,94.38639172390324,175.96017157172034,песочные часы
85.75239324886294,70.75239324886294,85.1788903048829,176.4528378254022,песочные часы
91.36153695843069,94.9859488497086,85.62789601312514,171.8089082785287,яблоко
88.89281441287952,78.89281441287952,100.62866834598448,175.2719000419471,груша
96.74666304460169,74.09122854457095,84.09122854457095,170.97236128531804,перевёрнутый треугольник
90.30150454993625,86.32896843516029,88.19997190321432,171.14141822727942,прямоугольник
90.79360331260739,75.79360331260739,91.1652284155009,154.68267745214436,песочные часы
76.2357614537284,66.2357614537284,95.69424654903058,179.83018321304405,груша
91.02397548142802,94.79819849992283,83.0048758684371,165.84283124228665,яблоко
108.929365731833,86.90201309327853,96.90201309327853,167.65894023789076,перевёрнутый треугольник
84.7939177710424,74.7939177710424,98.13593877156433,157.29313535314995,груша
90.04708607190526,85.05892816509912,88.02653829873418,154.5757899616233,прямоугольник
93.11320155908211,97.66374508055947,86.49159764288142,173.64901044580532,яблоко
90.33431320605186,80.33431320605186,108.59585001682665,160.8463144297981,груша
97.69790225083472,74.09656753495315,84.09656753495315,175.50733024384678,перевёрнутый треугольник
107.2383241676892,85.4053173845293,95.4053173845293,154.22181856202351,перевёрнутый треугольник
81.87351241942581,78.99141380215025,80.09190973263689,166.56254773730967,прямоугольник
104.05296846044814,80.25824351454368,90.25824351454368,167.2189077274513,перевёрнутый треугольник
92.60450271711164,94.11219176657202,85.5033843213183,155.78149113941626,яблоко
103.28361641998382,98.32377436475124,96.08978872026077,168.31343196129103,яблоко
97.62374815736348,82.62374815736348,99.62009955042909,157.68198377344348,песочные часы
103.17055176297937,99.48118143661401,94.3457129539514,151.0716199934459,яблоко
100.03783772828322,76.55408574485325,86.55408574485325,166.31287150737938,перевёрнутый треугольник
88.36948091055038,73.36948091055038,89.0240428540366,162.14260861591038,песочные часы
102.81812379900148,79.15554446296366,89.15554446296366,157.03451786318877,перевёрнутый треугольник
87.28895612264088,84.78294777385011,86.67508234794005,158.1664066615827,прямоугольник
90.13647637317955,75.13647637317955,92.08187299993881,161.37258103980437,песочные часы
87.03727105014842,72.03727105014842,86.21738426253475,158.5581448237479,песочные часы
81.94356523485848,77.8487021928074,83.00397822032367,158.85101900594697,прямоугольник
81.22435365455094,76.3668897186444,79.37468020386397,161.37089770774082,прямоугольник
86.83318171426103,71.83318171426103,85.80588315428251,170.65993483618337,песочные часы
94.65142527825796,84.65142527825796,107.52164449237488,166.50547025000762,груша
94.69765919586682,91.80035558287392,88.21701889176603,165.45425816621048,яблоко
109.50268206522536,87.78843689069329,97.78843689069329,154.760842621645,перевёрнутый треугольник
80.9196489430977,70.9196489430977,100.2855784561935,167.62132564315556,груша
93.20683131881592,78.20683131881592,90.79058199899586,167.13076792269177,песочные часы
94.4294937908029,79.4294937908029,94.57241938950669,179.7724905853635,песочные часы
77.0127483765339,67.0127483765339,96.80649426572286,159.18821585912502,груша
93.80627910043575,92.45358524928807,88.38814326678286,165.75249109227337,яблоко
96.99185931244963,92.20185038721908,88.87851052909627,168.93357225698122,яблоко
101.24265069420326,78.93012184225589,88.93012184225589,166.49757181519146,перевёрнутый треугольник
98.654929090952,83.654929090952,97.78852245922431,163.84033313238518,песочные часы
82.72948570370224,79.18680767060839,80.49308306893586,151.5838570077318,прямоугольник
89.91631575057077,91.07659645321303,83.09336897924119,179.97974645971908,яблоко
95.15013153288379,85.15013153288379,109.4150048710021,152.35044237547058,груша
85.68434291545978,75.68434291545978,104.2679051906881,159.54461998175324,груша
102.02906859273085,99.95660519827568,96.28973638237893,159.0824389238628,яблоко
94.82390783665888,97.76094263449006,86.45600125134995,176.44221828226594,яблоко
107.74970433722768,85.95485063287363,95.95485063287363,159.9968711052263,перевёрнутый треугольник
89.47611195082902,74.47611195082902,89.46721454457784,167.24019092493694,песочные часы
98.23859440358704,83.23859440358704,96.2962482178431,175.6011415751029,песочные часы
95.98306829102972,91.09125855366138,86.22653435868568,168.1237104547726,яблоко
95.42695551482545,80.42695551482545,92.77018872826606,177.84143238604423,песочные часы
99.84313881087259,84.84313881087259,99.82864724661371,176.052387903604,песочные часы
84.99193945561728,81.30973091074596,83.08696005868293,165.63042606743238,прямоугольник
85.44085314314054,75.44085314314054,99.27387964293365,160.19209485676652,груша
84.13162439416637,80.23374061254428,81.35811472038468,159.7322561774235,прямоугольник
89.36529376865577,85.10128349078443,86.53355452819906,175.74462665535833,прямоугольник
85.41592938351621,90.0737883314684,79.18559303509878,154.1459780326588,яблоко
81.15716109548376,71.15716109548376,100.83797802886835,160.45484689293255,груша
80.16985243157805,70.16985243157805,98.72213585989151,165.6607732068074,груша
86.441438960182,90.96818311494188,79.77999328314802,159.9461133973388,яблоко
93.61888405141677,96.27816458437769,83.81756451866073,162.57263270240497,яблоко
88.35230755424939,78.35230755424939,105.8425027051609,175.24953318415945,груша
99.84844643996743,75.15210490980988,85.15210490980988,169.95329826159295,перевёрнутый треугольник
100.58755102813544,80.45270963744792,90.45270963744792,175.86006063675032,перевёрнутый треугольник
100.69556068456774,99.4991063515266,93.80522175763303,151.43174801349443,яблоко
85.82751790700092,75.82751790700092,105.3841931512838,176.79349461659845,груша
94.49853360727137,79.49853360727137,93.16858706924279,162.1586914845322,песочные часы
88.51633592916048,73.51633592916048,85.74870345115421,163.32717887901893,песочные часы
96.50297926465451,96.59409560844942,89.94743546039776,158.39738906892333,яблоко
89.54717245313824,86.49084912890936,89.92655809479169,161.79540739594688,прямоугольник
96.4268909490857,99.40499759265666,91.20085989833636,157.15829823455923,яблоко
80.50361503139503,77.24202793409572,80.89518278216211,151.5570868198704,прямоугольник
98.00459436025915,75.0467157131448,85.0467157131448,166.52452210690743,перевёрнутый треугольник
86.16427054690273,83.37956050943652,87.96974439660767,151.27882269138297,прямоугольник
80.1034050168237,76.7571796855306,78.62919747435319,155.7988270762365,прямоугольник
91.06299031429685,76.06299031429685,93.15213988269787,155.11452252309013,песочные часы
98.29680769917597,83.29680769917597,98.06322935330493,151.25552734304972,песочные часы
80.38364621307554,76.67411676963657,81.37013420610678,169.29608885465666,прямоугольник
95.77412421153758,80.77412421153758,94.2051971355022,174.45358029177262,песочные часы
86.19449536673007,76.19449536673007,97.38430553270615,164.9728377037626,груша
85.7671393938565,70.7671393938565,87.39937931150017,165.5515648601885,песочные часы
107.90455930392747,83.52054956625128,93.52054956625128,179.31719127093925,перевёрнутый треугольник
93.45574946421297,78.45574946421297,94.85849564044636,163.6390072787301,песочные часы
107.31111844898146,85.78245004229804,95.78245004229804,164.9985634586194,перевёрнутый треугольник
94.40291524874957,84.40291524874957,104.47096614573374,175.0419479085687,груша
90.39847798909551,75.39847798909551,88.40966323824887,151.58126692470458,песочные часы
85.38140354132709,83.22559027866149,87.27876388711412,166.84622256266152,прямоугольник
87.09644724591716,84.0463318520063,86.5157115843956,176.29870163295263,прямоугольник
93.17062190054219,90.29224072373033,93.43518945121158,164.42093534811366,прямоугольник
82.52855798123863,72.52855798123863,96.6894960645059,172.27361381486082,груша
97.01990475116092,96.83774857168746,91.41525005856586,152.3276726236001,яблоко
89.37491221414419,79.37491221414419,107.7965119088595,178.69135141579204,груша
88.92771857761915,85.36711462933992,86.98506188856085,171.6381609054518,прямоугольник
97.69374389797537,95.58303948210002,91.91179494293215,152.53540757223766,яблоко
88.66226020117455,92.73821878774731,81.38081285185501,167.56158549089847,яблоко
95.84690391375669,80.84690391375669,93.70396311896043,178.08071792573034,песочные часы
91.10150222448534,76.10150222448534,90.48442574463705,150.5371859715156,песочные часы
85.08092638015755,80.27749035779661,87.49435249537923,158.53161669284538,прямоугольник
104.22502629054627,83.39356735057247,93.39356735057247,164.99852617425984,перевёрнутый треугольник
90.4586791595494,75.4586791595494,91.72394999852871,159.06764420842293,песочные часы
84.1366782553261,82.06934285823309,83.56823806204797,159.01876345618984,прямоугольник
95.90904435361116,85.90904435361116,107.94217050621187,163.3698466433599,груша
107.48161204714555,86.86999070340414,96.86999070340414,174.00688997652503,перевёрнутый треугольник
89.85909618543536,94.15861934409043,80.09691595022727,153.05158018523304,яблоко
86.49060051051913,71.49060051051913,89.05158260610956,151.3132317315099,песочные часы
80.87928947284563,76.6439050372792,80.83179558548846,170.91171165708136,прямоугольник
87.4723552570087,83.09101209921677,84.65227661756903,170.34324467884113,прямоугольник
91.82613392030146,81.82613392030146,105.03590166854606,169.53369706655045,груша
85.71438573861184,70.71438573861184,86.39897795485078,179.79934228131918,песочные часы
87.9503166686852,77.9503166686852,99.81225578166666,173.33961706600024,груша
95.91775378661566,93.05819093870247,88.52469597568819,179.8003933983037,яблоко
102.83483697416511,81.74424012584626,91.74424012584626,164.16320749498615,перевёрнутый треугольник
93.1542006466064,93.94497804048157,83.42849977421704,172.48596389243772,яблоко
91.27478215293237,91.08067923560681,85.51853787265051,158.25823127081594,яблоко
95.99576529552003,99.51320400503269,86.20022419444317,170.01004160657797,яблоко
87.38156287513641,90.47703908792113,79.50302084489644,162.26875308708372,яблоко
100.11338520800703,78.92113521519273,88.92113521519273,172.32226175975197,перевёрнутый треугольник
103.59365845482095,81.47523882251816,91.47523882251816,155.01617105729403,перевёрнутый треугольник
98.58928585523003,77.44441258106724,87.44441258106724,167.38670334755128,перевёрнутый треугольник
92.7910545252747,77.7910545252747,95.4328385322486,175.25895621682616,песочные часы
98.63532197629182,83.63532197629182,96.32440487702131,158.60085476160782,песочные часы
90.62724787070479,80.62724787070479,104.75560674425425,171.4974457886482,груша
86.13421594331233,81.47284147793715,89.02833399177328,179.29116905222043,прямоугольник
83.29655665431119,80.67798710108897,85.77054254393735,154.51305737544104,прямоугольник
86.56404983133031,71.56404983133031,89.00315946056452,160.1665274962435,песочные часы
97.60201451682447,82.60201451682447,99.36652021926596,176.8714274869226,песочные часы
94.2645049594596,84.2645049594596,104.72959976673857,179.83456492080455,груша
80.50230482916233,76.84815904807022,82.53746550180861,159.16363362531865,прямоугольник
87.25097486798552,77.25097486798552,102.38782139359483,173.20280410359425,груша
97.44033368990752,82.44033368990752,94.58963087638182,177.27676268086518,песочные часы
92.44658646251519,87.96105875754822,93.52753892282165,171.55104467056867,прямоугольник
90.00069108012224,80.00069108012224,103.70368388122104,150.99240246993747,груша
90.12649550181577,75.12649550181577,89.08858461946058,157.4949885059966,песочные часы
107.73218513296644,86.82475116743487,96.82475116743487,162.09821587191607,перевёрнутый треугольник
103.80234182407794,82.81121548764514,92.81121548764514,153.46148408047986,перевёрнутый треугольник
104.41033548956436,80.63988418579271,90.63988418579271,160.23241421136902,перевёрнутый треугольник
85.14820876438904,75.14820876438904,95.14849539363883,158.40064062802173,груша
91.57594743627925,86.63677403652918,92.7589525126565,163.7574168521657,прямоугольник
85.13492846634851,75.13492846634851,104.93690139316756,165.24345782636502,груша
108.00270446431237,85.16014188390983,95.16014188390983,179.3178146479933,перевёрнутый треугольник
86.63899404415041,82.5246426691157,85.50888378889138,165.65422907347076,прямоугольник
84.61888259976612,74.61888259976612,100.6720687460661,164.92241119477234,груша
90.90689408974092,80.90689408974092,106.16188958408416,179.8483887459189,груша
78.30304551428637,68.30304551428637,97.21760046818038,163.04720167557775,груша
92.87724850384986,77.87724850384986,94.42486505552536,154.2107529472736,песочные часы
87.2221187788993,72.2221187788993,85.08389927401105,176.9701174673297,песочные часы
96.05664399006665,81.05664399006665,97.59277427676433,165.62067824182742,песочные часы
102.98197203060857,79.20902208106006,89.20902208106006,151.2208010412525,перевёрнутый треугольник
93.4186648777264,78.4186648777264,94.77166339841901,164.94909916782396,песочные часы
84.81370103516136,74.81370103516136,97.05457899168267,174.74991069610408,груша
92.84823380443781,95.52128644050894,83.14064574235177,164.65842646738542,яблоко
87.60406725712369,77.60406725712369,99.87466607838896,160.14986116426496,груша
94.81973614284513,91.88772871988299,92.74604113830691,160.4096861168648,прямоугольник
99.56205230460488,96.05012053032955,91.48267268964945,155.0156483174475,яблоко
101.93250355570135,98.83434326730298,92.92554716582806,179.1717323427324,яблоко
94.802662697674,79.802662697674,97.48128461830723,169.68643702824795,песочные часы
98.28826251713508,83.28826251713508,100.29283331632737,153.75096125270872,песочные часы
105.7627528465354,82.0738225650556,92.0738225650556,150.0004797240656,перевёрнутый треугольник
97.52483645813261,82.52483645813261,95.87879347958045,176.8496581945261,песочные часы
97.47813513673424,82.47813513673424,100.42459864387962,166.5599757104833,песочные часы
93.35214570361423,78.35214570361423,93.68257459349034,179.34446666179358,песочные часы
105.44825763424268,83.70317196384619,93.70317196384619,176.17951236434783,перевёрнутый треугольник
82.2734712576188,72.2734712576188,97.53581308585859,161.47705338520055,груша
95.43892804678718,85.43892804678718,107.30770944481321,165.79097514293906,груша
90.67602122893199,88.40946797170976,92.95780717221804,153.95167050954595,прямоугольник
98.66730562959764,96.1476365835988,89.6133644836555,151.6013208249355,яблоко
95.18082413572543,75.12561747696775,85.12561747696775,166.231207693038,перевёрнутый треугольник
83.79836430059639,80.56800754769039,81.24635069748504,153.12267707081742,прямоугольник
84.82424145019026,81.58580949596886,83.37811941754418,178.95626337182492,прямоугольник
93.30379333242914,83.30379333242914,104.25652868956938,164.87286365487375,груша
92.48054774321491,77.48054774321491,93.88922646338196,155.63432282448656,песочные часы
99.61411410944166,75.3013413838736,85.3013413838736,166.14030074562203,перевёрнутый треугольник
94.5293093974926,91.39423011541547,93.66986173642842,168.9582624815835,прямоугольник
94.67260528548044,96.6254517918244,89.15448276435131,156.87270590532023,яблоко
98.23786964945214,83.23786964945214,98.95577722461336,151.85404796336545,песочные часы
93.30384450874507,83.30384450874507,105.29033428766628,151.5604227190319,груша
99.09848654134566,76.62350880025356,86.62350880025356,162.32990691472006,перевёрнутый треугольник
102.2783374187422,78.23028185903647,88.23028185903647,156.748012805814,перевёрнутый треугольник
81.6526828604369,71.6526828604369,99.22559136401645,150.3560379357927,груша
86.59149727452514,71.59149727452514,85.68830963772234,162.137318158045,песочные часы
97.81381749864404,74.71755645194932,84.71755645194932,157.92119161973096,перевёрнутый треугольник
92.55299250085841,95.95719708121388,85.20761333674682,159.28727875949616,яблоко
85.3575071461633,81.643235353135,85.89024974720058,150.94024894786227,прямоугольник
96.50240831372554,81.50240831372554,95.15349104529795,177.86289413215036,песочные часы
85.37262185365063,70.37262185365063,84.96061662492853,162.09072041670606,песочные часы
98.02174520938986,99.53339037988451,91.7733382624199,175.72799737983667,яблоко
96.62084233630559,81.62084233630559,94.96291330861122,172.1068064518534,песочные часы
84.85093838985442,74.85093838985442,96.49134099517214,166.98959321763306,груша
86.42029912487612,84.13824563518352,88.17568150692397,177.45160188108875,прямоугольник
88.6956261153553,73.6956261153553,85.83081999088431,156.3464960675182,песочные часы
96.34807764422975,74.14189512654973,84.14189512654973,160.54075814981437,перевёрнутый треугольник
99.32616818562306,96.13124930102522,90.33887689313384,177.87241315543483,яблоко
86.7277545869569,81.92446622441184,88.38387146440661,158.18204324413435,прямоугольник
89.9497660575261,74.9497660575261,91.74811822147703,167.05097855538875,песочные часы
98.88464182085853,94.81618585849468,91.68681343843103,161.18359720810517,яблоко
99.13672229224628,75.96021989140175,85.96021989140175,172.0163668477981,перевёрнутый треугольник
98.84179180886484,88.84179180886484,109.00859717025634,177.06991585184323,груша
84.07133573154289,81.40868878786284,85.46794499441478,167.21693359853379,прямоугольник
87.807604587489,72.807604587489,89.99770798217477,176.396996274228,песочные часы
92.66348542099219,93.7784980416682,87.48582817489583,165.97629593643603,яблоко
105.84368191485376,83.94372916908776,93.94372916908776,166.95226076995445,перевёрнутый треугольник
88.62433463636755,78.62433463636755,98.85170532699244,167.76877909463195,груша
85.06117176530337,75.06117176530337,104.13159496126171,167.42959981747552,груша
85.51607580661303,70.51607580661303,83.30787739916298,152.0550472662271,песочные часы
89.25967451444888,85.38777703896906,91.58170160630716,153.55961373361944,прямоугольник
86.33792047596563,76.33792047596563,104.95377696898944,151.71246226389584,груша
97.05917686665522,75.15274302597828,85.15274302597828,168.98201709036232,перевёрнутый треугольник
79.21180384320388,69.21180384320388,95.56953660516741,170.15070852836274,груша
102.94445637866862,81.36494915922924,91.36494915922924,153.99215144199675,перевёрнутый треугольник
109.27746567884553,85.5556504576922,95.5556504576922,162.02349117001202,перевёрнутый треугольник
84.34536974068081,74.34536974068081,101.40780251596146,173.83071161467893,груша
100.05617865449659,96.39686899863861,90.71681678072908,172.9019072022068,яблоко
82.84037293933183,79.20226790284784,85.56886905858356,168.9341725070282,прямоугольник
91.65414223903069,93.79568708387718,83.69765863527758,162.89911687227405,яблоко
91.21946603868501,81.21946603868501,101.30232066803966,159.64915687085238,груша
92.25593215457187,77.25593215457187,90.57209647863364,166.2224845196333,песочные часы
109.02886834059362,88.60644804501564,98.60644804501564,155.15931028040228,перевёрнутый треугольник
84.50431360691775,81.45337086821777,85.89107236476806,157.19686967187525,прямоугольник
99.92994894047828,84.92994894047828,97.04137368763693,169.8910092297188,песочные часы
105.61678099809019,84.32116744954385,94.32116744954385,150.40651015440633,перевёрнутый треугольник
109.90717086996337,85.41636072679744,95.41636072679744,170.77098339864222,перевёрнутый треугольник
96.00739670398642,93.88343764762453,86.65095008402747,152.22868630213765,яблоко
93.22940917372162,96.70858887901363,85.5515874971941,166.71404427185587,яблоко
93.86246968378116,90.8852077668841,94.09816863413555,171.29936048524206,прямоугольник
92.39764825558018,77.39764825558018,93.11004431207458,151.93511460754112,песочные часы
94.19180025211219,92.02052951889102,94.07607380712447,166.56243143508186,прямоугольник
81.76032535816681,78.02833029499732,79.64240633775405,155.9227569983492,прямоугольник
90.67695052890873,85.81465864453429,88.34327921448684,151.54192587772494,прямоугольник
104.6285267670331,99.98213221769076,96.69611596030808,157.2993882574474,яблоко
92.71616438463255,77.71616438463255,89.79509618868889,173.6320441786535,песочные часы
83.9165515875631,79.32797383392288,83.20245633276534,171.39578795316038,прямоугольник
98.8118818214456,74.42284279493768,84.42284279493768,152.93590312424425,перевёрнутый треугольник
92.6472712871891,93.91195892222159,84.55594156327474,169.9725563275223,яблоко
90.23176354259519,86.57139538071802,90.59895075678374,154.2902174225602,прямоугольник
94.68526396097462,79.68526396097462,92.16931803699948,157.1078911136144,песочные часы
96.38617573030382,93.68399405069326,86.77549495007801,169.7219306955689,яблоко
85.5998787725481,75.5998787725481,98.36240464066302,164.89828354753874,груша
95.1281423038113,73.67972401709193,83.67972401709193,156.94176217297343,перевёрнутый треугольник
94.43545949197588,91.13070110512797,96.78735354664468,155.45567224163173,прямоугольник
103.53119453053586,79.7255251766143,89.7255251766143,161.1910244238707,перевёрнутый треугольник
86.57968148211155,71.57968148211155,84.94737030425148,156.6238484035352,песочные часы
88.21773956130184,85.2018853208845,88.08301750629664,150.14223514858958,прямоугольник
92.95460483866091,77.95460483866091,90.32411312108563,172.42807758912664,песочные часы
89.15423607375776,79.15423607375776,102.51556716742547,164.32319305246367,груша
86.83734255698398,84.01375922901616,89.73732569140489,163.43185992873495,прямоугольник
90.06695455262191,80.06695455262191,108.90023341764262,158.24243641655045,груша
92.64251468205396,90.22125061318971,93.47846949713924,168.41516261179115,прямоугольник
97.84551907536991,74.61657667126757,84.61657667126757,172.27952400764764,перевёрнутый треугольник
81.09528820347822,77.30779449607259,80.93082659017756,178.20610818489496,прямоугольник
86.33813225342183,82.02256625299414,89.2818853429225,152.11368758688067,прямоугольник
91.57856378549896,96.46151270560716,84.53518360695195,179.78160789683625,яблоко
91.73385373489626,81.73385373489626,105.65701510880717,168.88307260363206,груша
93.98460014601427,98.61938993815079,87.13118327007076,157.35759824580919,яблоко
89.19525610336692,74.19525610336692,90.93660359269384,153.90922516716495,песочные часы
86.9689077445778,83.50303134257892,87.7832763816558,155.14751413595965,прямоугольник
80.01338496635559,70.01338496635559,97.65998205706629,173.9898835256941,груша
87.20316829791315,72.20316829791315,87.3771373663308,170.9191414954322,песочные часы
89.89941248347947,85.76077942418081,92.69503338593009,159.42147006379568,прямоугольник
88.92175315932364,78.92175315932364,101.170096063236,168.8143475388736,груша
102.61302128039777,78.23713707146793,88.23713707146793,167.626828537571,перевёрнутый треугольник
86.24935195229692,76.24935195229692,103.46762469506712,177.82672755514596,груша
95.8932040732476,96.3841579489207,90.88950545576995,156.6046874067055,яблоко
86.84820011342072,71.84820011342072,88.15861752120367,162.1183882022837,песочные часы
88.89959210639955,92.28518484432506,80.06369621393421,166.83191640249842,яблоко
80.88363870041412,70.88363870041412,99.93429749905005,169.77091356379822,груша
94.6484341058383,79.6484341058383,97.34406103055711,175.12887196517082,песочные часы
84.82834191481155,80.89846221583842,86.1456227185061,151.13877913481898,прямоугольник
87.67624679088975,72.67624679088975,87.35063039492401,152.73067373480714,песочные часы
99.3494756519078,98.4848696853533,90.09184357280296,159.5279051693447,яблоко
86.6193166348256,76.6193166348256,106.2938159766933,174.27413553683925,груша
86.59265016556759,82.97445796938841,83.85425365643405,177.0522828255007,прямоугольник
99.38037154578541,96.7552108576345,94.31165127498335,167.3445104824533,яблоко
86.29395326640696,76.29395326640696,97.15746981820959,169.4294726252728,груша
92.33636569265315,87.58409339709989,90.52458074673974,160.45605831862258,прямоугольник
95.43540897248303,96.47701582038009,89.51075192439758,166.36495071698315,яблоко
94.2655595689285,90.31192374309364,94.18338221930567,162.167265553725,прямоугольник
86.3752740812874,76.3752740812874,96.57097629475162,160.02934750981814,груша
94.14825728478594,90.76396414179081,86.77050232254606,155.3204600273072,яблоко
86.85350846569627,71.85350846569627,88.60769150538013,176.7136057354532,песочные часы
83.90533501259544,80.59642454587808,86.61990217783902,154.03007799228868,прямоугольник
95.07539386230668,94.49914986796452,89.39869263135608,162.618374361755,яблоко
88.40203648625983,78.40203648625983,104.32237081774619,164.22364340764867,груша
100.27985888895824,98.03853527083496,90.31133272592203,178.8637842324697,яблоко
95.35093790241805,93.14068040181216,86.48674132192625,161.98920293565544,яблоко
97.02610684683852,82.02610684683852,96.47466158304614,167.86110132726034,песочные часы
92.80065010188773,77.80065010188773,93.25335330110228,154.15629490879405,песочные часы
93.63408516662183,90.77776555550042,85.21503770262187,160.21017675135374,яблоко
89.64554833431392,74.64554833431392,91.9166689949396,168.71088823225335,песочные часы
90.97590938592849,75.97590938592849,88.42864305830338,166.76298573421474,песочные часы
96.86876389895204,81.86876389895204,96.84920647169663,174.7244969337978,песочные часы
97.1668837082203,74.99000097275291,84.99000097275291,161.74321530297834,перевёрнутый треугольник
94.18472742596101,93.65350210014158,86.9372480743362,157.12982778622728,яблоко
85.63146616251626,70.63146616251626,88.09588602375446,173.85125488281503,песочные часы
89.85269393968908,74.85269393968908,87.43273350480317,151.40311527908113,песочные часы
87.06375820252708,72.06375820252708,89.57145477663181,159.96490315244276,песочные часы
97.19112499980105,82.19112499980105,99.02090060444965,157.08730828131056,песочные часы
102.95380352064016,81.81674521918796,91.81674521918796,155.66671747182318,перевёрнутый треугольник
103.13998838312781,81.57783821580028,91.57783821580028,154.47597166059603,перевёрнутый треугольник
90.64356487270771,80.64356487270771,101.09390932675309,158.0719310481833,груша
104.1599239996704,80.01702824044388,90.01702824044388,166.69880468890793,перевёрнутый треугольник
107.88375804387198,84.48567879779473,94.48567879779473,175.0022682256632,перевёрнутый треугольник
95.02470450094687,97.75408397912307,88.46705435071138,158.9760885196651,яблоко
101.30778704203148,77.08500102328436,87.08500102328436,176.55912960464008,перевёрнутый треугольник
98.14080847844207,83.14080847844207,97.22502241551751,159.69926486957127,песочные часы
94.14526949681488,90.50469827404159,93.36226584026267,165.62874351313343,прямоугольник
92.65914357299889,89.86582387814656,92.25526110103205,153.73104915818342,прямоугольник
95.34461684346994,73.15076724497018,83.15076724497018,161.2183356722913,перевёрнутый треугольник
93.87739920041882,78.87739920041882,91.39382633544362,162.6367943786451,песочные часы
81.33342865778376,77.56185238956357,82.1679710467929,155.1483617985424,прямоугольник
96.20134171692473,98.88254070425927,86.86014943592343,170.14993745645555,яблоко
91.12062526887581,87.35131461592715,92.86720162541,163.0781348694735,прямоугольник
101.95653601584132,98.7676051911055,95.17812660720553,152.54069898530213,яблоко
104.13508724175036,99.1671892637657,96.96102627443912,162.87205220671686,яблоко
91.03266671670256,86.86950652466601,88.86544950168646,175.66431559885302,прямоугольник
92.22563271038119,94.06417178923896,84.5019448127061,168.8976507906286,яблоко
97.00167992419266,82.00167992419266,97.53894887037887,154.60063401141267,песочные часы
92.25142652649282,82.25142652649282,106.0640554309083,169.50132252155328,груша
92.05604367097335,89.87049542848423,94.17733451369877,170.0063815313962,прямоугольник
89.36047652897116,90.7629945822746,80.10991186271724,165.02904180483065,яблоко
93.44930014032578,83.44930014032578,108.18780403073518,176.57419799960013,груша
92.38104988800919,77.38104988800919,91.39347463007523,176.318525927368,песочные часы
97.8409557031102,99.21282289481029,90.79998201012494,165.39870049362042,яблоко
94.10524802154887,79.10524802154887,93.77208748280948,167.05573094762826,песочные часы
108.32510314644688,83.83331526818941,93.83331526818941,151.15120370139263,перевёрнутый треугольник
100.1971320288861,96.37536133943581,90.42682564345091,152.92946182511952,яблоко
95.09989630297152,85.09989630297152,109.58887899582925,166.90926754526953,груша
92.69315642082205,82.69315642082205,109.78481269714696,170.1662051990065,груша
91.89252408516535,81.89252408516535,103.79934182771741,177.77592409304893,груша
85.64487345714574,70.64487345714574,86.14553685083081,175.62670645468097,песочные часы
93.63249512571873,78.63249512571873,93.92609852683175,164.78755619408207,песочные часы
80.20251298931487,76.95401395032887,79.8081704049149,151.42019252065833,прямоугольник
98.85410016121803,74.70661395252863,84.70661395252863,179.71346703710108,перевёрнутый треугольник
109.16586137161835,85.431853554351,95.431853554351,172.90294529078258,перевёрнутый треугольник
95.51578102786073,80.51578102786073,96.13508732822999,161.50012667506735,песочные часы
88.8398449291958,78.8398449291958,100.68660415262472,158.0906444072999,груша
94.73271055410319,79.73271055410319,94.19370486972355,164.32979950258263,песочные часы
100.55506238690148,77.12693677710529,87.12693677710529,163.53898882737198,перевёрнутый треугольник
91.97943062265871,81.97943062265871,103.93701131743943,151.92715634898562,груша
96.87874609017214,81.87874609017214,95.19711536683461,175.7031734609282,песочные часы
88.57138508283009,85.75557499097705,85.85435776447859,167.80851733275625,прямоугольник
88.41126321765336,73.41126321765336,89.78255427870246,171.1569481537233,песочные часы
92.08726550087854,94.77117053213708,82.1201993061654,166.84788821766003,яблоко
91.67958344377618,76.67958344377618,88.87324923795329,151.3450037483394,песочные часы
108.06669723559985,83.18475897614191,93.18475897614191,153.8772503709318,перевёрнутый треугольник
83.63358885780251,73.63358885780251,97.96070126246636,166.350748455282,груша
94.73441019887301,91.78564108111374,95.25396402560088,160.08399289655364,прямоугольник
97.1897173948521,97.17672067248479,89.20738381173662,153.41422677591697,яблоко
91.69579858630765,87.14939537162495,93.74825927075014,151.10922778325093,прямоугольник
83.31008880873266,79.65114165895031,80.55357229546432,156.17858583796806,прямоугольник
106.87792504806062,86.8408206611711,96.8408206611711,152.50559564865964,перевёрнутый треугольник
107.30094985356975,84.74442846907353,94.74442846907353,178.1904486146855,перевёрнутый треугольник
95.9769548303814,72.8139867808143,82.8139867808143,154.45287004564142,перевёрнутый треугольник
94.52753829034526,79.52753829034526,96.9725566514628,176.6539169700064,песочные часы
97.92335618458728,74.73816770685067,84.73816770685067,177.95067840954553,перевёрнутый треугольник
94.14964179894966,79.14964179894966,91.71006009942734,170.97274073944763,песочные часы
77.75351832137595,67.75351832137595,96.71473636653252,152.7390761949972,груша
87.09524952621581,72.09524952621581,88.62268873356258,158.03677782032452,песочные часы
85.12944326576952,75.12944326576952,95.30200539306873,169.5440777139072,груша
90.50257812617427,80.50257812617427,109.78854161810594,151.55405436816582,груша
91.58190669441902,87.19793798128379,88.95578974575557,167.60209741419825,прямоугольник
98.33958159797395,73.40599969279255,83.40599969279255,150.3184861337207,перевёрнутый треугольник
88.5386094608433,85.06917538033423,85.96046790293701,170.2340987918346,прямоугольник
88.41120396862067,90.9168835008018,78.79438877106342,163.77927949503203,яблоко
97.29943781594183,93.51494816683801,91.37716032839019,169.40395688268424,яблоко
98.25232008210466,74.57073052620927,84.57073052620927,164.5399879862185,перевёрнутый треугольник
86.7155740381975,76.7155740381975,100.42395150756006,171.41898105446003,груша
96.94713189226141,81.94713189226141,98.14784394359474,167.1667193978118,песочные часы
96.44396100371623,91.55238525476454,90.85865057744472,162.6437421199496,яблоко
95.93893589197758,80.93893589197758,93.11036214260756,168.36158662627392,песочные часы
93.67643194366633,83.67643194366633,107.23443873903594,165.5939310342693,груша
89.0057021896791,74.0057021896791,90.035831623444,156.9129230184775,песочные часы
108.6926906448168,83.88354695910081,93.88354695910081,153.87618437822422,перевёрнутый треугольник
94.9247169723897,79.9247169723897,93.07053300830731,165.5636000629704,песочные часы
98.93477455041364,83.93477455041364,101.4751642198761,160.3241679076658,песочные часы
87.61023142367823,92.52553555688289,81.30959957740612,157.29251544158876,яблоко
96.37959729104666,81.37959729104666,97.87001284195804,152.50135202794783,песочные часы
91.07030453313413,76.07030453313413,88.78464293332779,152.2196555142303,песочные часы
94.13572834765083,84.13572834765083,106.86016248749466,163.239611200681,груша
88.93379000065579,84.36122660984455,89.05059472257712,154.8139738380001,прямоугольник
88.82586325984364,78.82586325984364,103.91082995858076,163.87361093210515,груша
99.9930549557978,84.9930549557978,101.73820715068797,163.61024050949254,песочные часы
95.04994269836915,93.95764716007625,86.593358181579,175.8597460843302,яблоко
100.33936188014415,96.40072191087506,92.68137425259944,150.8150952313735,яблоко
92.57694305594282,77.57694305594282,89.72994001755816,161.5152965439235,песочные часы
83.3734313447945,79.75500613723386,82.10047456263464,156.19957277745473,прямоугольник
99.74706155960371,84.74706155960371,98.79992169030066,152.55264217002798,песочные часы
88.78026910186152,85.62712866819221,91.15308847713688,155.44829496306247,прямоугольник
93.91558729878429,97.17124259358037,87.14038672767663,170.72082545215306,яблоко
89.23978588505682,91.00080765538034,82.88169692458236,151.29266544291076,яблоко
96.33096802444759,81.33096802444759,97.88394865276462,178.3092967690338,песочные часы
95.13175982920839,80.13175982920839,98.09730755971363,157.37240386772578,песочные часы
97.49003162325613,96.2047379930086,90.31960625002414,153.10260741700142,яблоко
94.95166602563401,92.30136395095147,93.83829666043783,158.02011480554725,прямоугольник
88.1659296197373,83.74096608587334,89.18958801290329,157.04397399413597,прямоугольник
95.37939007702016,95.2302680724346,85.83246523329703,157.54246277201815,яблоко
98.17511060899565,99.99890471097557,93.14241016797685,176.7089004629806,яблоко
89.475346592854,79.475346592854,108.74934949364885,150.36185123091727,груша
99.2844482130136,77.23429730288726,87.23429730288726,174.03669268792453,перевёрнутый треугольник
93.78181879340737,78.78181879340737,93.3653726225731,165.3700573048272,песочные часы
106.73960459374285,84.48908601105975,94.48908601105975,166.92031613290936,перевёрнутый треугольник
92.6019504355987,82.6019504355987,108.91446149075945,152.73596519178554,груша
93.4357998384358,93.10501565217838,83.5889666121997,152.32381253169942,яблоко
86.59724756938246,76.59724756938246,101.00162832740754,173.5184473327417,груша
91.90597067849758,94.45545494521615,85.11381290433246,166.508574095927,яблоко
86.8478497309323,76.8478497309323,97.81573496375195,162.99756462582224,груша
91.7774280427668,76.7774280427668,91.34876605114468,157.51544843053807,песочные часы
82.38435635319091,72.38435635319091,95.924613547347,165.84330370879087,груша
89.4628808094521,87.00355995806039,89.9592568994908,156.89696391218797,прямоугольник
80.97346246213868,70.97346246213868,96.44728555887284,164.72348609532008,груша
103.49547782284857,83.40401758455262,93.40401758455262,156.14781980741986,перевёрнутый треугольник
101.90488803945729,78.16482914109733,88.16482914109733,155.04812101465328,перевёрнутый треугольник
80.77672033803702,76.18058904499617,82.5618649811823,171.9681728938542,прямоугольник
99.16562862538134,75.58412483890571,85.58412483890571,157.3777956099801,перевёрнутый треугольник
91.20475665568092,81.20475665568092,109.4136354449624,152.50183314849357,груша
88.32641945394857,84.52845199756364,90.35944326849503,165.4350050264422,прямоугольник
85.69424599798784,75.69424599798784,102.76327022833155,161.4251655717989,груша
95.34848957885141,80.34848957885141,92.46588056954519,163.58644324300445,песочные часы
107.85578122716204,83.99561016601638,93.99561016601638,169.02151086029173,перевёрнутый треугольник
96.73986373876564,99.54509745900728,87.49029364137289,169.04793813053826,яблоко
95.51094330802731,71.28353962871506,81.28353962871506,171.15584799210677,перевёрнутый треугольник
107.53614669773754,82.66435665838571,92.66435665838571,157.1700552918901,перевёрнутый треугольник
80.61919665449555,78.45024761990553,78.55924818932192,164.15399386402763,прямоугольник
95.09280969459897,80.09280969459897,97.72924556573612,158.112376513822,песочные часы
109.12741613037434,84.95984539431976,94.95984539431976,156.1641128560456,перевёрнутый треугольник
81.41329598709618,78.73552052636893,80.1683368689114,163.4872436479073,прямоугольник
85.702443877007,82.90957633402631,85.52762024569078,153.1832423655831,прямоугольник
94.90566168336142,98.03756819434115,88.63590629410419,162.4973425660401,яблоко
93.9568865765152,91.59643221660293,96.57533495704193,160.94934523439207,прямоугольник
98.71276028028011,77.95800006887535,87.95800006887535,173.36047278612227,перевёрнутый треугольник
100.59151385293318,78.90331485887076,88.90331485887076,178.60504078794983,перевёрнутый треугольник
88.45730769320738,84.20673743455313,90.45404039559735,177.50632685631155,прямоугольник
84.6135492915752,79.90528804295661,84.33489824112081,162.33601010091616,прямоугольник
83.89298202479294,73.89298202479294,96.30491591478463,178.31079882199364,груша
95.30313691995389,85.30313691995389,109.70605305126239,168.00021283804742,груша
86.6211564290384,91.29867165183481,80.67951270431116,158.05129753690886,яблоко
109.66947664542133,87.96833539278671,97.96833539278671,179.58162463072242,перевёрнутый треугольник
104.49686407649311,83.00812964220171,93.00812964220171,175.22777445665844,перевёрнутый треугольник
92.30816814071031,88.95223452492583,90.62553177404033,164.3158975131556,прямоугольник
103.87881251652368,80.42204280750013,90.42204280750013,154.98237346086447,перевёрнутый треугольник
80.92669210522432,76.59192620407045,82.63604472144866,151.95638242710126,прямоугольник
97.51774811051598,82.51774811051598,98.40113560626415,154.02629407718376,песочные часы
106.26248487265407,83.84370916620736,93.84370916620736,176.7127343173051,перевёрнутый треугольник
89.58831572095686,74.58831572095686,92.54578411872215,175.9097764926167,песочные часы
101.33769847317919,76.98405012424277,86.98405012424277,155.21006999716903,перевёрнутый треугольник
85.62704944713633,82.9429374700304,87.06145181616088,178.25992930959845,прямоугольник
96.11279156370574,81.11279156370574,94.26202894667978,162.82833558790855,песочные часы
82.73862889945066,72.73862889945066,100.31609123878135,160.49088370391874,груша
93.02157597969219,93.88500122988943,85.20741314189145,176.21507669904437,яблоко
93.87355416846033,93.14190773095436,85.51071136637033,165.2623235469672,яблоко
94.66534702201263,96.91233765817445,86.87282519779664,150.76519861419345,яблоко
85.81899518227738,82.87251525109644,83.24664191956846,157.14869159189894,прямоугольник
97.01511487722857,96.85355599185486,87.64990008450815,169.49227615739667,яблоко
98.71653403973882,94.24334875558436,92.67120631529517,175.30785311415568,яблоко
93.8538648120879,91.04719344299421,84.09921670302796,163.95304372342173,яблоко
100.81101551464178,97.01825710124734,94.82745496745328,165.45997176535394,яблоко
103.62157719846893,79.09847046573805,89.09847046573805,155.3102261868565,перевёрнутый треугольник
94.27075310794271,91.70971068522401,94.38048658774501,168.28585146669863,прямоугольник
82.95118667107334,80.35080448425357,82.43599950060415,170.93552348934497,прямоугольник
106.76906155957867,85.44987596368784,95.44987596368784,155.7472002623772,перевёрнутый треугольник
81.53365130583138,71.53365130583138,97.26540671371036,150.2643348937223,груша
107.99167471150437,85.5121641059217,95.5121641059217,161.08517719335075,перевёрнутый треугольник
93.0006614176281,83.0006614176281,104.95470458198952,166.57103191627658,груша
93.70811781543419,78.70811781543419,94.24119558503943,170.6570608862341,песочные часы
91.21929858943447,88.54322013878544,88.45559554481497,169.3339630931794,прямоугольник
101.8970566667048,97.40840740650141,96.2316722640039,154.21495810820895,яблоко
98.5596348413358,88.5596348413358,109.6569177249443,150.88729329259954,груша
93.4825821587506,90.64533097887312,90.9527584790117,154.19302701158233,прямоугольник
82.60135322512721,72.60135322512721,100.45326319482194,155.4517632070337,груша
102.75801431711778,82.66439600906529,92.66439600906529,158.95327755104705,перевёрнутый треугольник
96.74366515601916,92.5138822344768,89.57703532456597,171.28826655850028,яблоко
83.18375939062885,73.18375939062885,96.7826265724697,161.16305937401285,груша
100.77326858046094,97.45899626879047,91.1725860808042,175.24926483687995,яблоко
87.1280677313751,82.15231218913544,84.67968543563273,168.27003002635593,прямоугольник
91.12716079134802,76.12716079134802,89.76978563404121,166.3916389884195,песочные часы
107.78766389260937,84.60558800499722,94.60558800499722,174.72688700699837,перевёрнутый треугольник
93.56319474962903,91.25600116605665,94.72822228249139,166.38622857377152,прямоугольник
85.46621422141175,75.46621422141175,104.21409571357722,171.27350623771216,груша
101.64141942233162,77.52741170116732,87.52741170116732,156.77954928737543,перевёрнутый треугольник
103.46111635450795,82.53658718786292,92.53658718786292,153.70408574746736,перевёрнутый треугольник
87.89560937509859,77.89560937509859,103.9327927672793,162.64864769845175,груша
96.74329214325712,95.22858147817335,89.27202323918571,150.77122881557142,яблоко
92.06789133253874,96.55639202680466,83.96899275242293,177.1330170040831,яблоко
89.32483314020246,74.32483314020246,86.61684367993111,160.7738816856491,песочные часы
94.02601726959404,79.02601726959404,92.36327410387757,158.75732440195486,песочные часы
97.90522981028046,97.58683718912559,90.5799386884178,170.41514882742052,яблоко
91.09385253521606,87.57100118859984,88.20568433859482,161.33171887394948,прямоугольник
101.91419371004116,98.38218292373983,94.370128574747,173.97647459694855,яблоко
93.75434911157575,78.75434911157575,92.5980047010875,175.37182406367384,песочные часы
97.8033515262729,74.48949874832608,84.48949874832608,173.80517233081935,перевёрнутый треугольник
92.17398215426206,77.17398215426206,90.75444984925235,176.79218002661736,песочные часы
97.76594913559336,82.76594913559336,95.01838585537796,154.4016705102351,песочные часы
88.22892033054046,84.60790716286832,85.46674784091641,153.07027115531523,прямоугольник
90.49040805169855,86.36192824639973,91.16678193123224,164.9969549206451,прямоугольник
107.38487143520271,87.13971042851722,97.13971042851722,153.6893450073749,перевёрнутый треугольник
87.03811953505931,72.03811953505931,88.85458902064654,176.81468774775036,песочные часы
91.75511674051087,96.37489415093185,84.2415281213249,158.9707589790439,яблоко
97.68235062575206,82.68235062575206,95.41319099499377,154.61078881374016,песочные часы
92.30293663147208,82.30293663147208,109.90540340498131,163.62067832027273,груша
90.41304145516031,91.33310913641135,83.3766189239247,154.88399674403263,яблоко
107.47388340371909,85.17397016181627,95.17397016181627,154.0721923452356,перевёрнутый треугольник
83.3018836519402,73.3018836519402,101.90452269797846,155.7284055737162,груша
88.2387525607742,85.87113775459406,87.08048179544002,165.03080049432776,прямоугольник
102.73192279332889,78.02595228908048,88.02595228908048,167.75182666240426,перевёрнутый треугольник
85.69955444361507,70.69955444361507,85.83485135193226,154.20091627864983,песочные часы
104.08106068278708,83.4277827063676,93.4277827063676,151.44951480369727,перевёрнутый треугольник
99.3923281735064,94.4156312819128,93.17255757529045,173.68737765303806,яблоко
89.32487681318551,79.32487681318551,107.39750119456409,174.85832812257954,груша
96.76099351095736,81.76099351095736,98.49640662911229,177.656543961036,песочные часы
97.63704125899214,82.63704125899214,95.42202272474935,161.70519950939828,песочные часы
90.16056208217546,75.16056208217546,88.20993813002859,155.26513399328485,песочные часы
100.79998530916018,76.65209600792987,86.65209600792987,179.2651108867296,перевёрнутый треугольник
87.50187538380095,72.50187538380095,84.93223700528351,151.28336324886862,песочные часы
101.64057381823876,77.28198069469632,87.28198069469632,172.57076931021422,перевёрнутый треугольник
97.64218229434549,76.12718400264549,86.12718400264549,157.57642041386586,перевёрнутый треугольник
99.21948912371965,76.95713054157252,86.95713054157252,157.05549281360547,перевёрнутый треугольник
101.92767764812668,79.13880849183815,89.13880849183815,162.29579092549312,перевёрнутый треугольник
91.20602628507459,76.20602628507459,93.51267137791228,163.5050139818686,песочные часы
92.24351542147471,77.24351542147471,90.78681450016656,176.31402917429236,песочные часы
96.89363942916479,81.89363942916479,95.38075921037345,154.79002282238548,песочные часы
100.70418005613111,80.20393174961401,90.20393174961401,156.6661993486298,перевёрнутый треугольник
88.9394894755415,93.18977505822237,83.00803060861277,151.47432275633494,яблоко
90.36691072940475,80.36691072940475,106.32399546084409,158.67895022751912,груша
99.13455373498911,75.89956816101557,85.89956816101557,151.5111033927728,перевёрнутый треугольник
96.44693102786805,73.6775150287424,83.6775150287424,156.2298234496707,перевёрнутый треугольник
109.46879163406993,85.70137596048792,95.70137596048792,158.2618691344592,перевёрнутый треугольник
91.83208917307765,76.83208917307765,91.2726099291949,174.33075451969498,песочные часы
85.74634347424787,75.74634347424787,105.6362219096141,176.73259586122987,груша
80.79453349270963,75.9090579222852,80.7876760390124,179.7557273255979,прямоугольник
104.98533180874357,80.90700261255648,90.90700261255648,178.32688180950936,перевёрнутый треугольник
95.99144697036309,80.99144697036309,98.32688463218543,172.8242115988454,песочные часы
86.56847866843046,82.22042087069303,87.76183914578576,162.9508528765053,прямоугольник
94.77421710655253,91.04343388643866,93.0340797631687,169.95058733060145,прямоугольник
87.09493493147093,90.55944414025372,81.36990028427175,177.7219005737789,яблоко
80.76803251743407,76.89374315466932,83.2596193833063,167.0460122212613,прямоугольник
89.780495868028,74.780495868028,90.50288722846636,162.79216238257578,песочные часы
92.90407758899497,89.30644670159366,90.44863744325122,157.46131544473576,прямоугольник
98.94286261588833,83.94286261588833,101.3267021172296,174.8396822657729,песочные часы
99.64922491870811,77.75818102525399,87.75818102525399,156.60052663866557,перевёрнутый треугольник
96.54848332961443,86.54848332961443,109.15988097960143,162.28609204405123,груша
87.57719381024145,77.57719381024145,107.36769143601605,178.7215715671175,груша
82.61649418065602,72.61649418065602,99.5985374063454,168.07633391221492,груша
100.84042560989752,78.7128174760145,88.7128174760145,170.25114628207783,перевёрнутый треугольник
84.51794696532319,74.51794696532319,98.14050706249904,161.7806391424083,груша
88.26840310071746,85.52317672801726,90.32385412112555,165.15984304291413,прямоугольник
80.45196766241872,70.45196766241872,98.75788656519542,151.13085564527844,груша
89.93205641341383,85.35261019021358,88.1648402282012,170.02243482576804,прямоугольник
91.80730760568964,87.92616181735455,94.52581761756328,170.23626631676106,прямоугольник
95.74755645775491,73.73907989790818,83.73907989790818,153.24953104880132,перевёрнутый треугольник
91.71842011590718,90.23586823810614,81.79420163334936,165.81068538122256,яблоко
81.94923244575922,71.94923244575922,100.41168582911656,174.34325212865554,груша
78.82520815595596,68.82520815595596,96.9155752775342,174.77626065827937,груша
106.30602798181168,81.8149233075549,91.8149233075549,178.557075192859,перевёрнутый треугольник
101.98617599178088,79.17829930908661,89.17829930908661,162.39528850143626,перевёрнутый треугольник
89.72141969217371,74.72141969217371,90.96773662478526,173.21020556270815,песочные часы
94.53676977994168,79.53676977994168,95.2607086406553,179.19789516749094,песочные часы
82.28667522964224,72.28667522964224,100.05002692344081,168.19830301685235,груша
99.85677849134126,84.85677849134126,102.4042793825634,174.00167974786322,песочные часы
108.97330651109425,84.81248397781012,94.81248397781012,153.64635801706734,перевёрнутый треугольник
98.02722799035577,77.78136833695419,87.78136833695419,166.1824849679811,перевёрнутый треугольник
84.2894693954818,82.23346041194762,84.46857562969086,178.6045396756343,прямоугольник
107.85267223146545,87.741928811114,97.741928811114,169.99402028202428,перевёрнутый треугольник
108.99686240880399,85.5468202844539,95.5468202844539,157.29507842206098,перевёрнутый треугольник
92.74238481857213,82.74238481857213,107.81499727264107,179.65415812622675,груша
79.71610231887566,69.71610231887566,96.28132450560072,151.19422241623795,груша
105.06462850895339,81.72912382274005,91.72912382274005,164.03729699506462,перевёрнутый треугольник
95.82697119066785,80.82697119066785,98.13147602319653,170.15844782491098,песочные часы
87.38612721636889,77.38612721636889,103.25755416097162,171.77050730883894,груша
100.26402822556457,98.80797257057444,93.79047565688506,162.4491393579409,яблоко
89.11264109801176,92.28453647907214,80.32613818132248,179.16864482973497,яблоко
98.12159780044938,75.8079664422691,85.8079664422691,172.30975395878016,перевёрнутый треугольник
81.05975095164193,76.92386647651622,83.24834280936916,164.34299885321244,прямоугольник
100.89635451154484,99.83534754548414,93.63369099870171,157.90720124787097,яблоко
91.38916250829115,94.63980366781895,83.29470798561721,173.9282285109495,яблоко
100.35158489514312,98.7384440060325,93.92439704743826,158.4505100051733,яблоко
99.88524318443233,84.88524318443233,99.26411367443546,169.0804163334268,песочные часы
96.68540977091125,81.68540977091125,95.66862693097417,158.56850890932586,песочные часы
99.53253551445707,84.53253551445707,99.67517811052225,163.37641037710958,песочные часы
93.47489340957432,91.33474774787689,87.40378682812911,163.0245196093793,яблоко
96.80400616774796,75.58129416904896,85.58129416904896,160.10695480221497,перевёрнутый треугольник
87.07748876706631,85.05880049491466,86.96550271792158,175.06802413153798,прямоугольник
92.50792240827808,77.50792240827808,93.3090860563493,150.6152155366341,песочные часы
90.28911220930826,95.26699769347701,84.49605755996504,153.06297820172088,яблоко
100.05978935040427,95.46702963042695,94.88273647801556,151.06335709803577,яблоко
93.99726839735915,83.99726839735915,108.91699633066945,153.57221019544394,груша
96.55878450165591,81.55878450165591,94.29067560203566,168.04022854820334,песочные часы
95.01175829383621,70.89988194323455,80.89988194323455,153.444741075259,перевёрнутый треугольник
85.06434334090527,83.06091304574387,83.57274957221559,170.2243106810051,прямоугольник
96.28976203834966,74.91789161265305,84.91789161265305,167.60967236343092,перевёрнутый треугольник
92.43407904930532,77.43407904930532,90.25439790375344,167.58970236816884,песочные часы
93.71107701746399,83.71107701746399,105.43419192702655,167.8946878218661,груша
94.7369513690616,79.7369513690616,92.6889061799288,157.8239592587857,песочные часы
99.12321980335985,75.05940385954854,85.05940385954854,171.3892773698983,перевёрнутый треугольник
92.08463334841531,82.08463334841531,107.55167332748292,175.08841717906773,груша
88.05228442270317,73.05228442270317,90.9598392831577,173.84524923222335,песочные часы
91.25437552300124,87.11416387552649,91.78165562750196,162.43247230259112,прямоугольник
84.38349770632006,81.5600233618134,85.73972627132069,159.82186840541308,прямоугольник
102.60250381891224,82.06982060876051,92.06982060876051,164.5634100472928,перевёрнутый треугольник
96.03507816217427,81.03507816217427,95.79159501472,171.20230409255242,песочные часы
86.93560179185364,76.93560179185364,102.18763075662473,162.7695521033076,груша
94.60061060027749,91.07169161956787,86.6528122595344,170.18116900003636,яблоко
94.03098988222457,91.07947714408758,94.88311193766457,175.19758189264425,прямоугольник
87.28934591211065,72.28934591211065,88.27216951618671,158.8070314049428,песочные часы
95.1953463584261,94.83872446406488,89.37775069227291,151.6570045907975,яблоко
91.57671698288972,81.57671698288972,104.35322588559976,167.18143234190444,груша
94.41630846789653,98.29435105990353,84.86346630895,150.14155287449861,яблоко
98.59374101020144,83.59374101020144,97.5429674160258,156.27144260365833,песочные часы
99.93631886094819,75.38186602545608,85.38186602545608,154.56335189447555,перевёрнутый треугольник
90.85284696809941,95.04021831996283,82.31888198102176,159.43173078139873,яблоко
91.35740221124858,91.8400476417211,81.90066182124637,179.72966283438672,яблоко
96.13031721853335,91.9125152210357,86.25888281296201,163.65883149686363,яблоко
94.63920146748079,79.63920146748079,95.37583916314603,178.36287416110684,песочные часы
103.24038901431193,82.39327861045405,92.39327861045405,153.99859505539433,перевёрнутый треугольник
95.80874215142995,98.42448511196841,88.81331808594572,161.47648383594696,яблоко
95.39173129421249,80.39173129421249,97.75257060239397,157.060432728407,песочные часы
95.51557196842553,72.7132251977376,82.7132251977376,175.76639610253469,перевёрнутый треугольник
87.4746408500015,91.76550665193858,80.69445507048852,177.5766311904551,яблоко
86.22141200537153,71.22141200537153,88.52562911971808,172.38808710583464,песочные часы
90.90359394520799,80.90359394520799,102.7464021230325,168.42301880132723,груша
83.01167965599424,73.01167965599424,98.00480163282319,169.82865508688363,груша
106.96650178039157,86.07971679596066,96.07971679596066,178.50588799744904,перевёрнутый треугольник
98.08951803701633,83.08951803701633,95.95851290368668,171.54781796896302,песочные часы
92.63517870748234,88.544713161995,91.97275073315456,166.60156723817568,прямоугольник
85.42944558747864,70.42944558747864,86.83480311477811,173.58855492216924,песочные часы
101.29684116124355,80.97341060430838,90.97341060430838,164.02579868464858,перевёрнутый треугольник
92.47727513855307,77.47727513855307,89.47872844960438,168.9180493385554,песочные часы
80.57981424713282,76.64616453481196,82.80763752907319,155.56677700794316,прямоугольник
83.86747358194259,73.86747358194259,99.92664454601173,170.32812700654378,груша
93.1776543021111,89.96211739846991,94.63475789936463,171.1374203243913,прямоугольник
92.33834587220383,77.33834587220383,89.5579899784944,161.47656681328752,песочные часы
90.6918427452214,90.45779214222306,83.18737489555166,160.54152375567912,яблоко
93.82729764391897,96.40701173611097,87.14865734714475,155.862900312041,яблоко
98.04786712214914,83.04786712214914,100.72787230058097,167.5924225086348,песочные часы
97.17305297021922,82.17305297021922,98.83540584437448,169.36048897817528,песочные часы
81.00564218865964,78.85930559334912,81.29761956357412,155.15708640693964,прямоугольник
99.04444759347308,75.42546671338022,85.42546671338022,172.48725692412077,перевёрнутый треугольник
98.61148709788502,94.20046229380102,90.04732174441781,151.74717485150273,яблоко
94.18644753342019,90.9077712351636,91.27195181835809,158.3303864419065,прямоугольник
83.98477514290921,81.93866447464438,86.66846313618076,170.19787534675044,прямоугольник
100.43734005646827,95.4543711988646,91.01107734886926,168.68363708657785,яблоко
101.05721102099605,76.13303080935275,86.13303080935275,178.76000595160556,перевёрнутый треугольник
97.9960344173759,93.73087040345497,92.39992500965522,170.06162766037852,яблоко
93.97207420601889,83.97207420601889,105.69770192234074,168.70043103036002,груша
87.22926957603829,72.22926957603829,85.39213422044864,164.8247584690804,песочные часы
85.69504793632467,75.69504793632467,101.1649496733363,158.44933094123888,груша
93.84075962866338,94.69536665270503,86.91586340256433,159.41037858698613,яблоко
85.90715671147379,75.90715671147379,102.52245641468589,162.98278061586646,груша
98.51674538098985,83.51674538098985,98.44418250216647,175.2110652387196,песочные часы
93.59762420693673,83.59762420693673,108.95145567238114,177.60546527294437,груша
94.69303385417446,79.69303385417446,96.9425578700666,159.8620515822539,песочные часы
92.0321148806234,96.14273221807306,83.27932175434324,170.39043198502392,яблоко
84.73926526725477,74.73926526725477,98.2353877428367,165.70699571385188,груша
104.95857511261768,82.5273774485805,92.5273774485805,160.5941912246407,перевёрнутый треугольник
98.35597044687371,74.30770327450955,84.30770327450955,174.70688281296435,перевёрнутый треугольник
88.30396860617743,85.10004346627898,89.56578610719411,161.44631122952867,прямоугольник
96.53260169214313,71.79860349168514,81.79860349168514,154.47871721966382,перевёрнутый треугольник
102.56460023809791,78.4598564838299,88.4598564838299,160.35590602616415,перевёрнутый треугольник
89.8353078126168,79.8353078126168,100.48088804484115,178.33428302127732,груша
92.17539795329903,94.90658170037656,84.47012895384078,176.7472225330554,яблоко
95.91071275656685,80.91071275656685,98.40532392099875,177.3066358692523,песочные часы
98.06164920522976,74.43723585943765,84.43723585943765,174.65663815568445,перевёрнутый треугольник
91.6707146680229,81.6707146680229,107.78208413203457,162.46624389544178,груша
80.872716964384,76.3794319301371,79.31108228470029,177.97411383621116,прямоугольник
90.37729908411342,80.37729908411342,102.6798923001696,156.57964189043827,груша
89.1653043617163,79.1653043617163,107.62094628927831,165.31103457891717,груша
88.56694648894344,84.84016410773916,87.61850367384721,156.89042666481797,прямоугольник
76.64151696233911,66.64151696233911,95.79294410099648,159.02207467061734,груша
96.17986029707255,96.54863063795928,87.6975025273653,173.31770067508236,яблоко
98.16128470817432,83.16128470817432,96.86015295978115,173.21438977756935,песочные часы
89.56436285986385,84.88899513116398,91.9493848480335,150.82351312390279,прямоугольник
104.50067654540224,83.88231237310804,93.88231237310804,165.14130414703388,перевёрнутый треугольник
96.04092418176873,98.79410512484137,90.44770144040332,174.14335258339682,яблоко
82.71492577095006,72.71492577095006,95.36399305644548,173.83346790084286,груша
89.5294054775361,85.95776326645954,87.31911612701175,161.93543761271857,прямоугольник
99.0448122820686,75.34027916322484,85.34027916322484,169.44492695803393,перевёрнутый треугольник
89.24770971876525,79.24770971876525,106.60461053410981,162.69402428340794,груша
95.70657587756534,80.70657587756534,94.26838113438835,150.2882881188847,песочные часы
104.75154624478918,83.16403438853197,93.16403438853197,179.00475179422614,перевёрнутый треугольник
109.70103294894017,85.98289010809494,95.98289010809494,162.15283125641443,перевёрнутый треугольник
96.22391586321797,81.22391586321797,93.24278250611168,166.29038402260738,песочные часы
91.07828601378392,76.07828601378392,89.38026834285124,165.30056497049634,песочные часы
86.88364372480984,76.88364372480984,103.42067365729207,175.06001163696664,груша
92.92704959989148,90.55911980444988,95.47169058384554,178.85424424287504,прямоугольник
95.57431478645697,75.22111845938024,85.22111845938024,150.1036852265386,перевёрнутый треугольник
82.43652752672041,80.28888811621972,80.99362130942922,171.22630253043042,прямоугольник
90.10597030836477,93.24497600774731,84.01927735985673,169.9797960954021,яблоко
87.84472158997905,85.7327101406677,87.01237235180648,154.0152342738052,прямоугольник
83.28023391325196,78.48241226709294,83.96910989364872,178.63702039802013,прямоугольник
95.57846929533581,85.57846929533581,108.12240516087842,169.4040762855031,груша
86.89431754708306,76.89431754708306,101.99263951293707,155.75825503461206,груша
95.60663587726452,74.92253573233917,84.92253573233917,168.5682022568868,перевёрнутый треугольник
87.00939854462528,84.16431257756031,89.51850755427193,152.43484213828654,прямоугольник
98.08485809392238,83.08485809392238,100.77372783902658,170.470782328179,песочные часы
84.37146984452403,74.37146984452403,103.82503543685456,153.64079981989133,груша
90.08756843614755,80.08756843614755,106.04819429729956,177.3890626843769,груша
89.42576166600698,74.42576166600698,87.34464549713694,153.63633430192218,песочные часы
94.05926454100047,90.6211211021291,92.92140850413647,162.62156049732587,прямоугольник
95.90858153822613,93.41227634279115,90.6048615541969,161.76394905938355,яблоко
98.04809581956327,94.97612882552205,91.07103234147745,174.80703038226153,яблоко
83.34684063332594,73.34684063332594,95.01056411426775,161.83828791388905,груша
100.02443960791727,97.3127035765884,92.51097338662926,172.37981943898222,яблоко
89.16648067725926,87.05036837425993,90.8933192553292,172.50190778048233,прямоугольник
81.60937827535173,77.92960882939506,82.41844559119966,153.52712478955235,прямоугольник
89.01370351903005,91.68477479792352,81.88251141542604,157.76859554057862,яблоко
109.18675846424122,87.79155558424907,97.79155558424907,179.7495278539696,перевёрнутый треугольник
88.68607606928131,78.68607606928131,100.66865004347771,174.40629812470948,груша
88.17965594466486,85.53866851508938,89.10589735116066,155.11478057903093,прямоугольник
92.94577957355816,94.39256246814034,87.21408361503674,173.4166533537153,яблоко
107.37611325485712,84.58149186672517,94.58149186672517,152.6069434486826,перевёрнутый треугольник
81.14831707335418,78.02692326574237,83.62765844914767,158.73680626645944,прямоугольник
96.40693677847916,99.21211505273486,86.66199931086399,174.42816640427336,яблоко
82.02927583326152,72.02927583326152,98.60810690727303,160.15315806685592,груша
95.00658290052691,96.08801724622975,89.38077514020598,171.9067162037422,яблоко
88.84159511190384,84.8355601760996,90.8458276588163,156.16777653652852,прямоугольник
89.87266496778912,85.48903810344933,92.30913134033524,175.65056284942932,прямоугольник
93.05134090829046,78.05134090829046,93.23112806603352,156.71796991974594,песочные часы
88.27260409036936,85.77846071619474,89.95522575807577,177.56541363797382,прямоугольник
97.43472477060408,82.43472477060408,98.50024899702963,161.6002547451367,песочные часы
88.30072157405672,73.30072157405672,85.4345748510989,172.621499582166,песочные часы
97.3980383235033,72.62004399565474,82.62004399565474,152.0295277943124,перевёрнутый треугольник
83.07826326983843,73.07826326983843,96.33694713232536,152.7215820344019,груша
101.33611382308095,99.91847824305154,92.41747507839442,161.69146785322022,яблоко
87.86156863195168,72.86156863195168,88.13636407538601,158.4792510477219,песочные часы
97.96163840807094,82.96163840807094,100.2706583856184,162.86280871883758,песочные часы
83.47216335433588,73.47216335433588,99.83850670824998,174.19417611513518,груша
91.77992182962264,81.77992182962264,101.80642513617514,158.32966501544811,груша
92.99056836412895,92.63706634410148,83.93133897960652,174.2502849097329,яблоко
87.40458407581912,77.40458407581912,99.2065891387238,176.6723431167134,груша
86.96785847362118,76.96785847362118,98.17993807776942,173.2644100114435,груша
85.610170137609,70.610170137609,84.22423891211416,175.83560667192822,песочные часы
97.96023151589392,82.96023151589392,97.013958733956,167.03854473510944,песочные часы
84.24220180027795,82.1108248027081,86.9601918212834,158.86669049931862,прямоугольник
91.42149682490594,87.85763763473983,89.02249760312736,175.43952187418398,прямоугольник
103.04453796643904,81.02255945061549,91.02255945061549,176.41330628062823,перевёрнутый треугольник
92.81965375705474,94.61082627509643,83.71864565869282,157.9430575449765,яблоко
81.1560402025494,78.18071030403576,83.73621584780844,173.63874339076466,прямоугольник
100.82118464584889,96.12987805700067,91.4622057865135,157.553694449965,яблоко
90.34619886470769,75.34619886470769,88.28082380013169,168.0833809768534,песочные часы
107.2289430942668,84.67329274271158,94.67329274271158,158.08736060757334,перевёрнутый треугольник
97.69882219395585,99.00911494171274,89.30705640874163,168.00547117493454,яблоко
88.62071201147461,84.29830129397135,86.16297764982957,153.10165494925678,прямоугольник
87.11727258124924,77.11727258124924,103.82772858202512,154.9408731439056,груша
90.34710628118738,75.34710628118738,93.31890201078197,177.22991513231125,песочные часы
87.52795635201674,77.52795635201674,99.44751443187948,153.12533838894993,груша
85.13484841340696,75.13484841340696,98.42965377627326,162.57223902497532,груша
94.72055323704446,79.72055323704446,93.82000305990385,178.93603008454878,песочные часы
107.21315984170847,84.25025129193227,94.25025129193227,163.7518720131112,перевёрнутый треугольник
86.29939717603037,83.98367191182777,83.90072942147185,171.64155877082754,прямоугольник
90.42460813027448,75.42460813027448,93.07047544498947,163.3488242798898,песочные часы
92.20318868614652,82.20318868614652,104.06535356495756,172.78320092038356,груша
94.5885314615517,92.4982274498801,93.24031439422627,157.19567035344548,прямоугольник
86.50264923604051,83.295502074996,86.01686836859609,160.030160341704,прямоугольник
88.12141456887512,92.71068554716605,82.48813565468802,152.46632109697302,яблоко
108.04457884550494,87.16435995464825,97.16435995464825,157.57137732644568,перевёрнутый треугольник
91.36958414067455,81.36958414067455,101.76706719420362,164.99428641786378,груша
94.54248296759502,91.37693306672402,86.85500188088285,161.84430442017168,яблоко
91.41371933429596,81.41371933429596,106.4452236879583,166.37188684232171,груша
89.52146218206533,74.52146218206533,87.03826111153248,158.8700371102605,песочные часы
90.25673269726424,75.25673269726424,90.57111460984717,157.17386978781678,песочные часы
93.70520027283024,83.70520027283024,106.75668686911267,160.0957374742179,груша
92.57628430643413,92.96527429695458,85.21954784086233,159.7399938227625,яблоко
88.79939074230597,86.12404261421736,86.04882105141469,161.18554024353114,прямоугольник
93.41043534721514,93.99392458134115,85.94010776425299,167.72945590018546,яблоко
89.17131623391059,79.17131623391059,108.70642718663217,158.68440064893758,груша
89.53696927685738,86.99204757397514,92.24027905730499,169.4511401585798,прямоугольник
87.44637049961348,82.65133338738141,89.5485339979093,154.45445199405077,прямоугольник
100.83582808283693,97.84123468611651,91.9218933288086,155.67456528889807,яблоко
86.91265593497337,84.59690656347279,88.11028853954407,163.43390236216933,прямоугольник
94.163501215131,79.163501215131,92.20052521293438,166.38643394061546,песочные часы
97.92040514380025,93.99312668522448,88.35033785770135,155.39789871279797,яблоко
89.33743555795986,74.33743555795986,89.77794871331476,175.5675455677749,песочные часы
95.23773263322337,93.51513648821573,86.17873934007169,174.2737757143103,яблоко
87.41926778391041,84.07515477153281,88.4602938276438,166.3464333977559,прямоугольник
94.10264112158883,90.55477804604732,91.94417377441319,159.21118037170095,прямоугольник
89.15128098524117,79.15128098524117,105.31713853176589,173.16869664094244,груша
85.27571273281004,70.27571273281004,87.66530842036946,167.84387760306186,песочные часы
100.45622198922065,78.79915380642727,88.79915380642727,170.42625366100955,перевёрнутый треугольник
97.79435668839785,76.49808996341558,86.49808996341558,178.41967069304775,перевёрнутый треугольник
89.88370925653217,87.80945239258573,89.53014204892975,152.9188702229824,прямоугольник
102.84358748646677,79.52972245163028,89.52972245163028,166.37942217615205,перевёрнутый треугольник
85.51918093273017,75.51918093273017,97.1612361891164,175.07508599640525,груша
84.31081984841201,74.31081984841201,100.06759975141901,164.95883386996874,груша
97.04666539877819,82.04666539877819,99.16218795794892,166.75652033934693,песочные часы
85.84607218543987,70.84607218543987,83.69960390415088,159.69926368600164,песочные часы
88.23248298553763,91.37974075691723,78.47286772013145,167.12303188032107,яблоко
92.00219237120997,96.65244087666497,83.85715388389275,177.68745121324324,яблоко
98.19965702633422,88.19965702633422,108.62190827380638,174.95115652920157,груша
89.2255600648142,74.2255600648142,87.1818214744797,165.6331164086967,песочные часы
82.60807497121984,72.60807497121984,101.16494732176166,167.2525054491367,груша
90.23006600532743,75.23006600532743,92.15614534257371,151.83137176728607,песочные часы
99.3280335197431,98.72415671621302,93.02209949499678,175.93487949967235,яблоко
92.66030901540947,82.66030901540947,106.60066169505465,176.31596671910526,груша
96.121657738417,98.7812522243566,86.61688125903453,168.1227139693892,яблоко
86.37529163032319,91.33304288977622,76.59338903880355,150.01868282080662,яблоко
91.77213508311044,91.58338808453757,84.42122701890946,153.00917000402856,яблоко
85.21465491586851,75.21465491586851,97.8204451830035,178.31939993939517,груша
100.99128696710872,76.96941234512758,86.96941234512758,165.69722276460493,перевёрнутый треугольник
94.21273602431856,90.11819366309612,85.88256549191868,175.99529259249528,яблоко
91.17100891415843,87.23457370083729,89.70785941112626,156.8042243326155,прямоугольник
91.57093614940251,93.65468230868267,82.5454806096054,165.49493632371528,яблоко
96.40343027848726,94.24537597697876,87.8357520011051,166.34119235263654,яблоко
106.32587666743972,83.34991323068603,93.34991323068603,168.89866402289056,перевёрнутый треугольник
97.27251114338146,75.60299387087827,85.60299387087827,163.39081300379695,перевёрнутый треугольник
92.77017039422543,88.63785187201816,94.53131539685528,151.59323724278397,прямоугольник
84.33393787912304,74.33393787912304,97.5113878363737,151.35698413299588,груша
91.67107227948142,76.67107227948142,94.12711175170345,151.15470419283224,песочные часы
89.22503738287296,79.22503738287296,105.78882862928127,168.51374862205782,груша
86.18443524558138,81.66290355923077,88.6593214972989,177.67241939090036,прямоугольник
99.78222109281398,95.89355353146722,90.2883416510144,167.49019805131985,яблоко
87.85573835234581,82.978360715628,87.6989160015018,174.5850203120377,прямоугольник
89.4582028997564,79.4582028997564,105.90212863890454,169.61202465430927,груша
85.65594954589625,70.65594954589625,84.03944990497736,176.17056162328825,песочные часы
84.1067214231761,80.45299272962367,83.85077788143306,157.65032442358196,прямоугольник
93.9768837915423,83.9768837915423,108.23370966949942,161.50770510404175,груша
86.97471822994709,76.97471822994709,97.61972185547285,152.8261367340756,груша
104.47331989124422,99.67061465139702,97.12100266523483,152.44930736054087,яблоко
90.44694808165833,80.44694808165833,109.59838424395284,162.68081821568842,груша
95.58919845556142,80.58919845556142,97.58411971278645,155.8924443100837,песочные часы
91.31420721234063,87.25205739764036,93.06315686558725,167.42292267475696,прямоугольник
